,date,price
0,2014-07-31,1000.0
1,2014-08-01,1018.202717
2,2014-08-02,1008.772389
3,2014-08-03,1004.4165
4,2014-08-04,1004.984138
5,2014-08-05,998.0410565
6,2014-08-06,999.8663178
7,2014-08-07,1006.144005
8,2014-08-08,1012.505635
9,2014-08-09,1006.846193
10,2014-08-10,1006.86504
11,2014-08-11,980.9331217
12,2014-08-12,970.5076943
13,2014-08-13,930.476552
14,2014-08-14,862.7822021
15,2014-08-15,843.5153692
16,2014-08-16,891.0207203
17,2014-08-17,846.5180777
18,2014-08-18,786.4921555
19,2014-08-19,829.4406174
20,2014-08-20,880.5010963
21,2014-08-21,882.2979487
22,2014-08-22,882.5566
23,2014-08-23,849.458735
24,2014-08-24,869.3409207
25,2014-08-25,855.7833932
26,2014-08-26,872.9780858
27,2014-08-27,872.5128548
28,2014-08-28,866.2610835
29,2014-08-29,868.4953818
30,2014-08-30,857.5924318
31,2014-08-31,820.8686879
32,2014-09-01,814.2321201
33,2014-09-02,810.9593584
34,2014-09-03,811.6338818
35,2014-09-04,836.8057173
36,2014-09-05,822.1685513
37,2014-09-06,826.1332828
38,2014-09-07,822.7349399
39,2014-09-08,806.7997987
40,2014-09-09,808.1129548
41,2014-09-10,817.4124013
42,2014-09-11,816.5868348
43,2014-09-12,812.1096433
44,2014-09-13,816.6118471
45,2014-09-14,816.7506834
46,2014-09-15,813.2662258
47,2014-09-16,796.4645479
48,2014-09-17,785.3543419
49,2014-09-18,733.2341797
50,2014-09-19,680.2144719
51,2014-09-20,706.2804849
52,2014-09-21,685.178632
53,2014-09-22,688.7218943
54,2014-09-23,746.7688196
55,2014-09-24,725.9928765
56,2014-09-25,704.7671946
57,2014-09-26,696.8117642
58,2014-09-27,688.1426984
59,2014-09-28,653.2935277
60,2014-09-29,646.2270535
61,2014-09-30,669.9979464
62,2014-10-01,659.2523706
63,2014-10-02,644.0672436
64,2014-10-03,618.411663
65,2014-10-04,570.6569707
66,2014-10-05,565.2824686
67,2014-10-06,571.0504028
68,2014-10-07,576.0868333
69,2014-10-08,611.7703398
70,2014-10-09,620.1448164
71,2014-10-10,618.2748965
72,2014-10-11,621.403416
73,2014-10-12,645.907032
74,2014-10-13,666.830649
75,2014-10-14,685.7847338
76,2014-10-15,674.9876293
77,2014-10-16,653.4982305
78,2014-10-17,654.9047858
79,2014-10-18,669.6544909
80,2014-10-19,665.5177744
81,2014-10-20,653.6734758
82,2014-10-21,659.4481674
83,2014-10-22,654.9217888
84,2014-10-23,615.3886954
85,2014-10-24,612.4063704
86,2014-10-25,598.7981198
87,2014-10-26,603.3437449
88,2014-10-27,601.4677283
89,2014-10-28,606.3572568
90,2014-10-29,575.3415051
91,2014-10-30,592.5155556
92,2014-10-31,580.3093592
93,2014-11-01,557.8958107
94,2014-11-02,558.5353241
95,2014-11-03,559.2707337
96,2014-11-04,565.9783142
97,2014-11-05,582.6367535
98,2014-11-06,599.346403
99,2014-11-07,588.3052524
100,2014-11-08,594.1750505
101,2014-11-09,626.2961562
102,2014-11-10,626.2882295
103,2014-11-11,630.0576452
104,2014-11-12,718.113982
105,2014-11-13,711.3082986
106,2014-11-14,679.0341513
107,2014-11-15,648.8645733
108,2014-11-16,666.4636129
109,2014-11-17,661.9370636
110,2014-11-18,644.9534572
111,2014-11-19,648.8958047
112,2014-11-20,614.6708548
113,2014-11-21,607.4608986
114,2014-11-22,614.5738495
115,2014-11-23,643.7446967
116,2014-11-24,661.414861
117,2014-11-25,661.2065398
118,2014-11-26,649.6113359
119,2014-11-27,664.4236671
120,2014-11-28,682.6896886
121,2014-11-29,676.3530477
122,2014-11-30,668.5640259
123,2014-12-01,678.7496061
124,2014-12-02,684.540087
125,2014-12-03,673.0132822
126,2014-12-04,663.8817424
127,2014-12-05,679.1039947
128,2014-12-06,677.0737623
129,2014-12-07,679.855048
130,2014-12-08,652.3532842
131,2014-12-09,640.4167612
132,2014-12-10,636.9236875
133,2014-12-11,639.1004584
134,2014-12-12,647.1638994
135,2014-12-13,642.3924733
136,2014-12-14,647.4933222
137,2014-12-15,641.554147
138,2014-12-16,627.0666345
139,2014-12-17,626.3928973
140,2014-12-18,620.4296192
141,2014-12-19,617.5576206
142,2014-12-20,633.464061
143,2014-12-21,618.1922403
144,2014-12-22,646.606259
145,2014-12-23,647.3110572
146,2014-12-24,625.4374702
147,2014-12-25,622.0424378
148,2014-12-26,642.5148802
149,2014-12-27,615.8977791
150,2014-12-28,617.5943186
151,2014-12-29,613.2030804
152,2014-12-30,608.6273641
153,2014-12-31,621.4956997
154,2015-01-01,616.1316473
155,2015-01-02,616.933306
156,2015-01-03,562.6183853
157,2015-01-04,506.8353719
158,2015-01-05,533.0313055
159,2015-01-06,554.7199529
160,2015-01-07,572.9841988
161,2015-01-08,553.4618858
162,2015-01-09,561.4904236
163,2015-01-10,531.4034287
164,2015-01-11,517.3586271
165,2015-01-12,518.0986905
166,2015-01-13,428.9708196
167,2015-01-14,342.0667067
168,2015-01-15,414.9526423
169,2015-01-16,406.1341061
170,2015-01-17,391.8564527
171,2015-01-18,408.7084755
172,2015-01-19,419.1765445
173,2015-01-20,412.8831068
174,2015-01-21,437.4817769
175,2015-01-22,451.8116458
176,2015-01-23,452.3410036
177,2015-01-24,477.5647666
178,2015-01-25,486.258422
179,2015-01-26,511.936704
180,2015-01-27,491.302726
181,2015-01-28,488.1012886
182,2015-01-29,442.7601018
183,2015-01-30,435.6643888
184,2015-01-31,417.903539
185,2015-02-01,430.5551111
186,2015-02-02,450.5393327
187,2015-02-03,424.9289777
188,2015-02-04,425.171371
189,2015-02-05,414.8990404
190,2015-02-06,427.4006989
191,2015-02-07,432.5505786
192,2015-02-08,424.7914831
193,2015-02-09,418.3590144
194,2015-02-10,417.8974069
195,2015-02-11,415.5561482
196,2015-02-12,421.4065701
197,2015-02-13,445.697676
198,2015-02-14,485.6408987
199,2015-02-15,437.4368495
200,2015-02-16,442.6830486
201,2015-02-17,454.2855419
202,2015-02-18,440.3476732
203,2015-02-19,449.7628788
204,2015-02-20,454.8702829
205,2015-02-21,454.0992297
206,2015-02-22,439.5756614
207,2015-02-23,444.7292896
208,2015-02-24,446.2598087
209,2015-02-25,444.3681395
210,2015-02-26,441.9755873
211,2015-02-27,471.6624909
212,2015-02-28,469.5931471
213,2015-03-01,473.4413865
214,2015-03-02,493.0892133
215,2015-03-03,504.4912582
216,2015-03-04,489.4490455
217,2015-03-05,498.4193516
218,2015-03-06,491.9397335
219,2015-03-07,496.2105792
220,2015-03-08,493.8288093
221,2015-03-09,519.021858
222,2015-03-10,517.8795216
223,2015-03-11,527.209257
224,2015-03-12,524.7979569
225,2015-03-13,515.6742767
226,2015-03-14,507.0598895
227,2015-03-15,512.2627461
228,2015-03-16,520.7797618
229,2015-03-17,511.1818999
230,2015-03-18,462.5387724
231,2015-03-19,469.691227
232,2015-03-20,471.1443887
233,2015-03-21,468.2508085
234,2015-03-22,481.942197
235,2015-03-23,479.466817
236,2015-03-24,443.300883
237,2015-03-25,442.6246006
238,2015-03-26,443.3302905
239,2015-03-27,443.2128512
240,2015-03-28,451.1114586
241,2015-03-29,434.3003512
242,2015-03-30,441.7096883
243,2015-03-31,435.9645292
244,2015-04-01,437.0940488
245,2015-04-02,447.5413901
246,2015-04-03,452.5780392
247,2015-04-04,452.4210414
248,2015-04-05,462.275882
249,2015-04-06,455.4570504
250,2015-04-07,452.6231327
251,2015-04-08,438.4003866
252,2015-04-09,435.2477173
253,2015-04-10,419.1259337
254,2015-04-11,422.0594037
255,2015-04-12,421.6472976
256,2015-04-13,400.8900332
257,2015-04-14,390.6881186
258,2015-04-15,398.0584298
259,2015-04-16,406.8403082
260,2015-04-17,397.5428806
261,2015-04-18,397.7921309
262,2015-04-19,396.9229963
263,2015-04-20,400.0503434
264,2015-04-21,417.3243734
265,2015-04-22,416.3200125
266,2015-04-23,418.7714062
267,2015-04-24,411.8192434
268,2015-04-25,403.469886
269,2015-04-26,389.8390302
270,2015-04-27,406.4563669
271,2015-04-28,400.9325092
272,2015-04-29,402.2887548
273,2015-04-30,419.7282765
274,2015-05-01,413.8612544
275,2015-05-02,417.8229198
276,2015-05-03,425.2087923
277,2015-05-04,423.6239985
278,2015-05-05,418.2944711
279,2015-05-06,407.9790417
280,2015-05-07,418.2639912
281,2015-05-08,429.5643759
282,2015-05-09,426.0419919
283,2015-05-10,421.9578146
284,2015-05-11,425.7169228
285,2015-05-12,425.2141411
286,2015-05-13,414.2606235
287,2015-05-14,415.4320572
288,2015-05-15,416.2796263
289,2015-05-16,414.768021
290,2015-05-17,413.4259142
291,2015-05-18,405.4536712
292,2015-05-19,408.1021469
293,2015-05-20,412.2083623
294,2015-05-21,414.2958956
295,2015-05-22,424.0628142
296,2015-05-23,421.7362283
297,2015-05-24,425.5902457
298,2015-05-25,419.6492565
299,2015-05-26,419.4687025
300,2015-05-27,419.8101286
301,2015-05-28,424.1202214
302,2015-05-29,427.7956212
303,2015-05-30,418.8472933
304,2015-05-31,412.1759782
305,2015-06-01,399.1722862
306,2015-06-02,404.1700529
307,2015-06-03,404.104152
308,2015-06-04,401.6024913
309,2015-06-05,403.4990589
310,2015-06-06,403.9239004
311,2015-06-07,400.7862357
312,2015-06-08,410.0379202
313,2015-06-09,411.3156762
314,2015-06-10,410.4231949
315,2015-06-11,411.7944691
316,2015-06-12,412.5752424
317,2015-06-13,416.5563191
318,2015-06-14,418.5062619
319,2015-06-15,425.8897857
320,2015-06-16,450.9443433
321,2015-06-17,447.3250689
322,2015-06-18,451.9165876
323,2015-06-19,446.2731759
324,2015-06-20,449.3640837
325,2015-06-21,444.5728139
326,2015-06-22,450.5259591
327,2015-06-23,445.1434389
328,2015-06-24,440.2945765
329,2015-06-25,443.8224784
330,2015-06-26,444.5299633
331,2015-06-27,459.5617627
332,2015-06-28,454.829751
333,2015-06-29,470.3657359
334,2015-06-30,478.1724949
335,2015-07-01,469.1141492
336,2015-07-02,463.9785672
337,2015-07-03,465.3771263
338,2015-07-04,472.5621986
339,2015-07-05,487.2731889
340,2015-07-06,482.6239269
341,2015-07-07,476.5071078
342,2015-07-08,482.7691019
343,2015-07-09,481.5172497
344,2015-07-10,506.4287137
345,2015-07-11,515.9337367
346,2015-07-12,546.4046126
347,2015-07-13,514.2892381
348,2015-07-14,507.9742748
349,2015-07-15,502.6469138
350,2015-07-16,489.0871457
351,2015-07-17,491.3261449
352,2015-07-18,485.5582962
353,2015-07-19,482.7118751
354,2015-07-20,489.1018767
355,2015-07-21,484.5332078
356,2015-07-22,486.2082104
357,2015-07-23,485.2297643
358,2015-07-24,507.010855
359,2015-07-25,507.5611494
360,2015-07-26,513.8088816
361,2015-07-27,516.6987238
362,2015-07-28,518.9445071
363,2015-07-29,510.1439866
364,2015-07-30,507.3052412
365,2015-07-31,501.7725984
366,2015-08-01,495.7627455
367,2015-08-02,497.3199235
368,2015-08-03,497.6852716
369,2015-08-04,501.44214
370,2015-08-05,496.8629824
371,2015-08-06,490.6135543
372,2015-08-07,491.737641
373,2015-08-08,462.0290311
374,2015-08-09,470.4018001
375,2015-08-10,468.5025371
376,2015-08-11,478.3924913
377,2015-08-12,473.8464596
378,2015-08-13,466.4287494
379,2015-08-14,469.6632522
380,2015-08-15,462.3041661
381,2015-08-16,456.9729159
382,2015-08-17,455.5281922
383,2015-08-18,448.3466261
384,2015-08-19,401.8157571
385,2015-08-20,416.8726709
386,2015-08-21,413.0981933
387,2015-08-22,407.2741622
388,2015-08-23,403.4735366
389,2015-08-24,374.2811283
390,2015-08-25,391.8330883
391,2015-08-26,399.7487346
392,2015-08-27,396.1847966
393,2015-08-28,410.0368828
394,2015-08-29,406.016113
395,2015-08-30,406.489982
396,2015-08-31,409.2468347
397,2015-09-01,404.0801321
398,2015-09-02,406.0111067
399,2015-09-03,401.4916505
400,2015-09-04,406.9373223
401,2015-09-05,417.1408353
402,2015-09-06,424.4065228
403,2015-09-07,426.7773323
404,2015-09-08,431.1798068
405,2015-09-09,421.4948679
406,2015-09-10,422.7319318
407,2015-09-11,427.358088
408,2015-09-12,418.106487
409,2015-09-13,411.8217185
410,2015-09-14,407.3413049
411,2015-09-15,408.0081333
412,2015-09-16,404.6783436
413,2015-09-17,411.7062032
414,2015-09-18,411.8034398
415,2015-09-19,409.7681291
416,2015-09-20,409.5525207
417,2015-09-21,401.1398357
418,2015-09-22,406.2989254
419,2015-09-23,404.4344664
420,2015-09-24,410.9542043
421,2015-09-25,412.4019069
422,2015-09-26,411.2135389
423,2015-09-27,408.5947652
424,2015-09-28,418.2355858
425,2015-09-29,412.1306216
426,2015-09-30,409.8841341
427,2015-10-01,411.8561234
428,2015-10-02,412.1737345
429,2015-10-03,413.8609854
430,2015-10-04,412.0459327
431,2015-10-05,413.6125274
432,2015-10-06,424.7360216
433,2015-10-07,419.7207216
434,2015-10-08,419.2348192
435,2015-10-09,421.7809021
436,2015-10-10,422.0201794
437,2015-10-11,425.6503519
438,2015-10-12,422.3755861
439,2015-10-13,428.2504553
440,2015-10-14,433.7159043
441,2015-10-15,436.8193266
442,2015-10-16,448.8605043
443,2015-10-17,460.8584393
444,2015-10-18,446.8851876
445,2015-10-19,449.9101001
446,2015-10-20,457.986627
447,2015-10-21,452.6534467
448,2015-10-22,464.1316154
449,2015-10-23,469.7869993
450,2015-10-24,478.534284
451,2015-10-25,481.7580018
452,2015-10-26,483.8303101
453,2015-10-27,499.6380453
454,2015-10-28,515.1496379
455,2015-10-29,533.1946986
456,2015-10-30,551.9386072
457,2015-10-31,528.3322314
458,2015-11-01,551.0198457
459,2015-11-02,592.196616
460,2015-11-03,668.5540542
461,2015-11-04,675.0404983
462,2015-11-05,646.6480107
463,2015-11-06,623.7264293
464,2015-11-07,647.075462
465,2015-11-08,622.6234591
466,2015-11-09,636.7040588
467,2015-11-10,565.6316323
468,2015-11-11,514.8560289
469,2015-11-12,568.1401207
470,2015-11-13,567.3749774
471,2015-11-14,557.1891441
472,2015-11-15,538.8542226
473,2015-11-16,556.5658453
474,2015-11-17,563.5485127
475,2015-11-18,564.153006
476,2015-11-19,547.7531007
477,2015-11-20,540.3750425
478,2015-11-21,546.7785844
479,2015-11-22,543.8313554
480,2015-11-23,542.9241084
481,2015-11-24,537.9033883
482,2015-11-25,551.2456816
483,2015-11-26,595.7965442
484,2015-11-27,600.02473
485,2015-11-28,595.738034
486,2015-11-29,619.7241967
487,2015-11-30,630.0401881
488,2015-12-01,605.8811755
489,2015-12-02,598.2776932
490,2015-12-03,602.2092502
491,2015-12-04,607.2092496
492,2015-12-05,653.3784125
493,2015-12-06,658.7385633
494,2015-12-07,659.5909838
495,2015-12-08,693.8833818
496,2015-12-09,707.1556047
497,2015-12-10,706.8741747
498,2015-12-11,763.6869969
499,2015-12-12,736.1522245
500,2015-12-13,738.6111411
501,2015-12-14,746.9927231
502,2015-12-15,777.6607506
503,2015-12-16,759.8633995
504,2015-12-17,763.4847856
505,2015-12-18,773.855516
506,2015-12-19,770.5187913
507,2015-12-20,736.8673608
508,2015-12-21,731.5974614
509,2015-12-22,728.5916004
510,2015-12-23,738.6439171
511,2015-12-24,757.6927476
512,2015-12-25,761.1649576
513,2015-12-26,698.2028271
514,2015-12-27,709.9821201
515,2015-12-28,704.7364358
516,2015-12-29,722.8862384
517,2015-12-30,714.7060071
518,2015-12-31,721.3088503
519,2016-01-01,725.8447563
520,2016-01-02,726.3114857
521,2016-01-03,719.7965478
522,2016-01-04,725.0927304
523,2016-01-05,723.2120471
524,2016-01-06,722.3530543
525,2016-01-07,762.0902584
526,2016-01-08,758.9898307
527,2016-01-09,750.7025485
528,2016-01-10,747.7693281
529,2016-01-11,749.6642957
530,2016-01-12,747.4861255
531,2016-01-13,725.1090225
532,2016-01-14,720.3236734
533,2016-01-15,618.8599321
534,2016-01-16,648.1618399
535,2016-01-17,652.2959814
536,2016-01-18,651.3733866
537,2016-01-19,640.9517495
538,2016-01-20,706.8421895
539,2016-01-21,688.9839945
540,2016-01-22,639.0213369
541,2016-01-23,660.8392507
542,2016-01-24,685.9812702
543,2016-01-25,671.1711766
544,2016-01-26,671.6884937
545,2016-01-27,679.0717409
546,2016-01-28,657.946197
547,2016-01-29,658.5938614
548,2016-01-30,653.2136986
549,2016-01-31,631.0688972
550,2016-02-01,641.1914651
551,2016-02-02,646.2546285
552,2016-02-03,640.4165657
553,2016-02-04,673.9102335
554,2016-02-05,671.0766636
555,2016-02-06,655.8627895
556,2016-02-07,661.5524689
557,2016-02-08,654.9139364
558,2016-02-09,662.9996231
559,2016-02-10,678.5245404
560,2016-02-11,686.3545995
561,2016-02-12,693.2243713
562,2016-02-13,705.8272947
563,2016-02-14,727.2153538
564,2016-02-15,720.858669
565,2016-02-16,725.1139161
566,2016-02-17,733.4231005
567,2016-02-18,745.1632174
568,2016-02-19,743.8081502
569,2016-02-20,776.8033956
570,2016-02-21,774.907899
571,2016-02-22,781.0530159
572,2016-02-23,752.4934087
573,2016-02-24,761.803743
574,2016-02-25,759.8528377
575,2016-02-26,765.48291
576,2016-02-27,776.9869633
577,2016-02-28,778.4525722
578,2016-02-29,783.8023321
579,2016-03-01,784.7530046
580,2016-03-02,780.7263242
581,2016-03-03,784.1081946
582,2016-03-04,771.4713216
583,2016-03-05,758.9281163
584,2016-03-06,772.7177731
585,2016-03-07,775.4785246
586,2016-03-08,776.9687456
587,2016-03-09,795.3719987
588,2016-03-10,796.9004511
589,2016-03-11,804.1512919
590,2016-03-12,807.5892722
591,2016-03-13,821.9152726
592,2016-03-14,803.3580813
593,2016-03-15,809.929928
594,2016-03-16,807.7106064
595,2016-03-17,798.6063102
596,2016-03-18,779.8273743
597,2016-03-19,774.6736379
598,2016-03-20,780.480914
599,2016-03-21,793.2023886
600,2016-03-22,797.5370415
601,2016-03-23,810.7380489
602,2016-03-24,795.7252087
603,2016-03-25,793.3168164
604,2016-03-26,797.961601
605,2016-03-27,805.6528138
606,2016-03-28,810.3998546
607,2016-03-29,799.9762679
608,2016-03-30,794.9156684
609,2016-03-31,795.3527411
610,2016-04-01,799.6877949
611,2016-04-02,804.4167204
612,2016-04-03,802.4726557
613,2016-04-04,802.7771255
614,2016-04-05,800.3127371
615,2016-04-06,799.5702942
616,2016-04-07,791.7305844
617,2016-04-08,784.9800257
618,2016-04-09,780.9417119
619,2016-04-10,776.8571591
620,2016-04-11,778.2017608
621,2016-04-12,774.5715028
622,2016-04-13,775.335152
623,2016-04-14,781.966053
624,2016-04-15,787.9214435
625,2016-04-16,793.7535333
626,2016-04-17,795.9913841
627,2016-04-18,795.9060581
628,2016-04-19,806.6784569
629,2016-04-20,814.3271706
630,2016-04-21,826.1569544
631,2016-04-22,817.8766459
632,2016-04-23,829.8671963
633,2016-04-24,839.0804878
634,2016-04-25,838.4134426
635,2016-04-26,844.072327
636,2016-04-27,809.5110845
637,2016-04-28,813.1216328
638,2016-04-29,827.1609162
639,2016-04-30,825.2462048
640,2016-05-01,832.6903395
641,2016-05-02,830.2607378
642,2016-05-03,832.3392956
643,2016-05-04,827.8229153
644,2016-05-05,833.460641
645,2016-05-06,850.0404871
646,2016-05-07,848.03245
647,2016-05-08,849.0739955
648,2016-05-09,851.7893358
649,2016-05-10,832.3675308
650,2016-05-11,840.7767616
651,2016-05-12,845.8216486
652,2016-05-13,852.3605501
653,2016-05-14,848.6353046
654,2016-05-15,850.9476333
655,2016-05-16,855.9624093
656,2016-05-17,859.9882109
657,2016-05-18,871.550434
658,2016-05-19,862.2698638
659,2016-05-20,857.2533685
660,2016-05-21,862.1553945
661,2016-05-22,857.4700209
662,2016-05-23,856.5260357
663,2016-05-24,855.8614183
664,2016-05-25,858.780831
665,2016-05-26,865.5795641
666,2016-05-27,888.6159885
667,2016-05-28,978.1436883
668,2016-05-29,977.6138348
669,2016-05-30,996.8473052
670,2016-05-31,1003.406596
671,2016-06-01,1015.833418
672,2016-06-02,1014.386464
673,2016-06-03,1065.334233
674,2016-06-04,1069.106984
675,2016-06-05,1072.651079
676,2016-06-06,1090.48994
677,2016-06-07,1083.245493
678,2016-06-08,1091.160507
679,2016-06-09,1083.281218
680,2016-06-10,1082.281252
681,2016-06-11,1112.068572
682,2016-06-12,1243.383927
683,2016-06-13,1310.072692
684,2016-06-14,1296.677201
685,2016-06-15,1306.199762
686,2016-06-16,1439.113876
687,2016-06-17,1371.910381
688,2016-06-18,1350.866288
689,2016-06-19,1373.788192
690,2016-06-20,1322.653255
691,2016-06-21,1218.243126
692,2016-06-22,1096.956951
693,2016-06-23,1155.34145
694,2016-06-24,1221.102678
695,2016-06-25,1231.776653
696,2016-06-26,1170.375668
697,2016-06-27,1206.820676
698,2016-06-28,1193.747514
699,2016-06-29,1180.85834
700,2016-06-30,1239.826555
701,2016-07-01,1242.235657
702,2016-07-02,1262.380801
703,2016-07-03,1217.462635
704,2016-07-04,1239.370821
705,2016-07-05,1211.112716
706,2016-07-06,1224.397687
707,2016-07-07,1159.06773
708,2016-07-08,1216.654059
709,2016-07-09,1195.783608
710,2016-07-10,1190.892686
711,2016-07-11,1188.852051
712,2016-07-12,1239.586917
713,2016-07-13,1229.735417
714,2016-07-14,1235.705821
715,2016-07-15,1247.61395
716,2016-07-16,1246.378147
717,2016-07-17,1265.114372
718,2016-07-18,1250.042974
719,2016-07-19,1269.526398
720,2016-07-20,1270.336452
721,2016-07-21,1260.791779
722,2016-07-22,1253.866396
723,2016-07-23,1245.837312
724,2016-07-24,1243.112401
725,2016-07-25,1239.271069
726,2016-07-26,1210.316574
727,2016-07-27,1227.020803
728,2016-07-28,1226.432481
729,2016-07-29,1225.324032
730,2016-07-30,1221.685342
731,2016-07-31,1165.465845
732,2016-08-01,1127.186082
733,2016-08-02,960.6878815
734,2016-08-03,1057.894105
735,2016-08-04,1081.29724
736,2016-08-05,1082.595007
737,2016-08-06,1101.544993
738,2016-08-07,1109.679812
739,2016-08-08,1108.294307
740,2016-08-09,1107.032424
741,2016-08-10,1115.609387
742,2016-08-11,1108.324875
743,2016-08-12,1107.772747
744,2016-08-13,1101.952032
745,2016-08-14,1077.988144
746,2016-08-15,1071.91455
747,2016-08-16,1079.674668
748,2016-08-17,1075.403652
749,2016-08-18,1077.363329
750,2016-08-19,1079.514918
751,2016-08-20,1096.879161
752,2016-08-21,1091.980299
753,2016-08-22,1100.62125
754,2016-08-23,1093.796782
755,2016-08-24,1087.316217
756,2016-08-25,1084.702393
757,2016-08-26,1086.989291
758,2016-08-27,1070.626383
759,2016-08-28,1081.025452
760,2016-08-29,1084.088705
761,2016-08-30,1089.600795
762,2016-08-31,1084.426512
763,2016-09-01,1087.983854
764,2016-09-02,1094.368938
765,2016-09-03,1126.585796
766,2016-09-04,1148.865607
767,2016-09-05,1147.505972
768,2016-09-06,1150.299078
769,2016-09-07,1155.586964
770,2016-09-08,1171.064468
771,2016-09-09,1166.933452
772,2016-09-10,1174.292083
773,2016-09-11,1138.467583
774,2016-09-12,1142.065981
775,2016-09-13,1143.32255
776,2016-09-14,1147.266234
777,2016-09-15,1147.982998
778,2016-09-16,1151.154428
779,2016-09-17,1150.567716
780,2016-09-18,1151.978183
781,2016-09-19,1159.292297
782,2016-09-20,1167.288831
783,2016-09-21,1141.187514
784,2016-09-22,1137.223078
785,2016-09-23,1150.821833
786,2016-09-24,1148.39329
787,2016-09-25,1148.102603
788,2016-09-26,1155.012769
789,2016-09-27,1154.576179
790,2016-09-28,1158.443273
791,2016-09-29,1156.743445
792,2016-09-30,1163.354408
793,2016-10-01,1167.07279
794,2016-10-02,1162.33881
795,2016-10-03,1166.286967
796,2016-10-04,1158.600206
797,2016-10-05,1158.426579
798,2016-10-06,1155.859595
799,2016-10-07,1160.98988
800,2016-10-08,1157.842852
801,2016-10-09,1154.657599
802,2016-10-10,1152.025177
803,2016-10-11,1194.021046
804,2016-10-12,1185.108836
805,2016-10-13,1184.416912
806,2016-10-14,1191.98446
807,2016-10-15,1187.312597
808,2016-10-16,1192.748683
809,2016-10-17,1187.25737
810,2016-10-18,1189.742532
811,2016-10-19,1174.961866
812,2016-10-20,1177.666844
813,2016-10-21,1180.371569
814,2016-10-22,1214.356197
815,2016-10-23,1210.78025
816,2016-10-24,1208.36687
817,2016-10-25,1207.91755
818,2016-10-26,1241.735674
819,2016-10-27,1255.123936
820,2016-10-28,1262.240381
821,2016-10-29,1287.900149
822,2016-10-30,1270.016005
823,2016-10-31,1268.63125
824,2016-11-01,1314.64956
825,2016-11-02,1322.926391
826,2016-11-03,1247.23296
827,2016-11-04,1277.208992
828,2016-11-05,1283.136212
829,2016-11-06,1294.23753
830,2016-11-07,1284.188215
831,2016-11-08,1289.560016
832,2016-11-09,1305.788432
833,2016-11-10,1292.361537
834,2016-11-11,1296.024779
835,2016-11-12,1272.274569
836,2016-11-13,1274.646216
837,2016-11-14,1279.140946
838,2016-11-15,1289.726401
839,2016-11-16,1331.268352
840,2016-11-17,1325.900894
841,2016-11-18,1337.00649
842,2016-11-19,1341.861116
843,2016-11-20,1305.256941
844,2016-11-21,1318.991448
845,2016-11-22,1339.604622
846,2016-11-23,1326.891422
847,2016-11-24,1314.688779
848,2016-11-25,1318.36293
849,2016-11-26,1310.045278
850,2016-11-27,1301.211145
851,2016-11-28,1305.310547
852,2016-11-29,1298.899128
853,2016-11-30,1320.795879
854,2016-12-01,1335.312753
855,2016-12-02,1355.596019
856,2016-12-03,1348.77674
857,2016-12-04,1346.416818
858,2016-12-05,1317.102757
859,2016-12-06,1335.194882
860,2016-12-07,1350.218178
861,2016-12-08,1360.359189
862,2016-12-09,1364.854831
863,2016-12-10,1364.589829
864,2016-12-11,1359.156601
865,2016-12-12,1377.364975
866,2016-12-13,1376.216363
867,2016-12-14,1371.250179
868,2016-12-15,1368.747782
869,2016-12-16,1379.734194
870,2016-12-17,1389.66582
871,2016-12-18,1391.78965
872,2016-12-19,1393.064098
873,2016-12-20,1407.188626
874,2016-12-21,1450.613045
875,2016-12-22,1498.952869
876,2016-12-23,1588.457862
877,2016-12-24,1551.076176
878,2016-12-25,1554.474914
879,2016-12-26,1568.79067
880,2016-12-27,1612.196501
881,2016-12-28,1694.928115
882,2016-12-29,1695.375091
883,2016-12-30,1680.169704
884,2016-12-31,1688.617567
885,2017-01-01,1737.415591
886,2017-01-02,1777.585922
887,2017-01-03,1815.817644
888,2017-01-04,1987.19312
889,2017-01-05,1751.581785
890,2017-01-06,1593.464083
891,2017-01-07,1598.931487
892,2017-01-08,1616.232233
893,2017-01-09,1607.697761
894,2017-01-10,1619.516888
895,2017-01-11,1410.373237
896,2017-01-12,1438.008742
897,2017-01-13,1477.265662
898,2017-01-14,1469.408086
899,2017-01-15,1475.927448
900,2017-01-16,1486.615191
901,2017-01-17,1613.846449
902,2017-01-18,1564.328999
903,2017-01-19,1604.517307
904,2017-01-20,1596.867672
905,2017-01-21,1645.850845
906,2017-01-22,1642.997961
907,2017-01-23,1644.033082
908,2017-01-24,1585.632276
909,2017-01-25,1598.356644
910,2017-01-26,1636.745618
911,2017-01-27,1640.557501
912,2017-01-28,1645.550408
913,2017-01-29,1635.471486
914,2017-01-30,1650.142729
915,2017-01-31,1726.512763
916,2017-02-01,1757.550234
917,2017-02-02,1793.862495
918,2017-02-03,1805.894962
919,2017-02-04,1838.746924
920,2017-02-05,1811.027108
921,2017-02-06,1824.051393
922,2017-02-07,1869.778414
923,2017-02-08,1874.801064
924,2017-02-09,1749.557673
925,2017-02-10,1770.233166
926,2017-02-11,1802.849261
927,2017-02-12,1785.536988
928,2017-02-13,1777.551944
929,2017-02-14,1816.971845
930,2017-02-15,1815.234639
931,2017-02-16,1856.113859
932,2017-02-17,1890.038525
933,2017-02-18,1893.073379
934,2017-02-19,1885.245268
935,2017-02-20,1930.235892
936,2017-02-21,2001.011344
937,2017-02-22,1997.060932
938,2017-02-23,2103.62325
939,2017-02-24,2094.782904
940,2017-02-25,2047.808366
941,2017-02-26,2108.334576
942,2017-02-27,2135.827828
943,2017-02-28,2134.476475
944,2017-03-01,2215.227432
945,2017-03-02,2291.562039
946,2017-03-03,2345.507426
947,2017-03-04,2300.942608
948,2017-03-05,2317.541299
949,2017-03-06,2332.025534
950,2017-03-07,2248.391678
951,2017-03-08,2090.558155
952,2017-03-09,2172.778481
953,2017-03-10,2037.310122
954,2017-03-11,2206.020879
955,2017-03-12,2305.094901
956,2017-03-13,2375.375331
957,2017-03-14,2390.494307
958,2017-03-15,2469.096568
959,2017-03-16,2445.149731
960,2017-03-17,2251.305762
961,2017-03-18,1977.231594
962,2017-03-19,2183.457377
963,2017-03-20,2180.848486
964,2017-03-21,2306.76126
965,2017-03-22,2182.747341
966,2017-03-23,2192.294259
967,2017-03-24,2119.584593
968,2017-03-25,2150.213194
969,2017-03-26,2126.429602
970,2017-03-27,2255.370147
971,2017-03-28,2274.159845
972,2017-03-29,2287.400008
973,2017-03-30,2298.285798
974,2017-03-31,2373.523009
975,2017-04-01,2393.698718
976,2017-04-02,2514.041781
977,2017-04-03,2458.333487
978,2017-04-04,2465.448703
979,2017-04-05,2503.753756
980,2017-04-06,2558.887114
981,2017-04-07,2558.873333
982,2017-04-08,2566.78912
983,2017-04-09,2569.966759
984,2017-04-10,2591.44745
985,2017-04-11,2614.805563
986,2017-04-12,2641.438344
987,2017-04-13,2601.977407
988,2017-04-14,2597.485282
989,2017-04-15,2610.940695
990,2017-04-16,2614.743913
991,2017-04-17,2644.034824
992,2017-04-18,2681.231545
993,2017-04-19,2654.447674
994,2017-04-20,2723.446755
995,2017-04-21,2729.839298
996,2017-04-22,2729.593503
997,2017-04-23,2743.754497
998,2017-04-24,2753.620474
999,2017-04-25,2778.740113
1000,2017-04-26,2855.879138
1001,2017-04-27,3022.018828
1002,2017-04-28,3126.650667
1003,2017-04-29,3174.96872
1004,2017-04-30,3279.401557
1005,2017-05-01,3332.326765
1006,2017-05-02,3393.758248
1007,2017-05-03,3547.618448
1008,2017-05-04,3783.459057
1009,2017-05-05,3850.648383
1010,2017-05-06,4030.507623
1011,2017-05-07,4170.183366
1012,2017-05-08,4502.155158
1013,2017-05-09,4428.155178
1014,2017-05-10,4612.844658
1015,2017-05-11,4687.249195
1016,2017-05-12,4605.278094
1017,2017-05-13,4722.396443
1018,2017-05-14,4798.105983
1019,2017-05-15,4809.959454
1020,2017-05-16,4809.959454
1021,2017-05-17,5491.978204
1022,2017-05-18,5672.18302
1023,2017-05-19,5997.808228
1024,2017-05-20,6194.483501
1025,2017-05-21,6480.957443
1026,2017-05-22,6520.295185
1027,2017-05-23,7153.138129
1028,2017-05-24,7518.10555
1029,2017-05-25,6928.013758
1030,2017-05-26,6619.194665
1031,2017-05-27,6083.235315
1032,2017-05-28,6522.083546
1033,2017-05-29,6863.330548
1034,2017-05-30,6868.993716
1035,2017-05-31,7313.223775
1036,2017-06-01,7787.903648
1037,2017-06-02,7940.360402
1038,2017-06-03,7975.585629
1039,2017-06-04,8246.037891
1040,2017-06-05,8594.798119
1041,2017-06-06,9073.520371
1042,2017-06-07,8589.570359
1043,2017-06-08,8893.548384
1044,2017-06-09,9092.978335
1045,2017-06-10,9636.301089
1046,2017-06-11,9944.817377
1047,2017-06-12,9732.891486
1048,2017-06-13,9868.508772
1049,2017-06-14,9067.913157
1050,2017-06-15,8879.28907
1051,2017-06-16,9162.902799
1052,2017-06-17,9741.479719
1053,2017-06-18,9487.431551
1054,2017-06-19,9736.022248
1055,2017-06-20,10024.29445
1056,2017-06-21,9510.895953
1057,2017-06-22,9545.910285
1058,2017-06-23,9736.267638
1059,2017-06-24,9239.952616
1060,2017-06-25,8932.880649
1061,2017-06-26,8299.52413
1062,2017-06-27,8566.338169
1063,2017-06-28,9044.482529
1064,2017-06-29,8791.333193
1065,2017-06-30,8471.914468
1066,2017-07-01,8094.944699
1067,2017-07-02,8475.134436
1068,2017-07-03,8560.348103
1069,2017-07-04,8594.197893
1070,2017-07-05,8550.877834
1071,2017-07-06,8553.752625
1072,2017-07-07,7951.656711
1073,2017-07-08,8130.531826
1074,2017-07-09,7917.250716
1075,2017-07-10,7136.984065
1076,2017-07-11,6875.790368
1077,2017-07-12,7393.320375
1078,2017-07-13,7146.693881
1079,2017-07-14,6736.247492
1080,2017-07-15,6032.488712
1081,2017-07-16,5623.179906
1082,2017-07-17,6531.017101
1083,2017-07-18,7164.820328
1084,2017-07-19,6714.146519
1085,2017-07-20,7905.069245
1086,2017-07-21,7692.374026
1087,2017-07-22,8198.274529
1088,2017-07-23,8002.204611
1089,2017-07-24,8033.30774
1090,2017-07-25,7395.440267
1091,2017-07-26,7247.405886
1092,2017-07-27,7500.814913
1093,2017-07-28,7818.24689
1094,2017-07-29,7588.339329
1095,2017-07-30,7476.493672
1096,2017-07-31,7768.842015
1097,2017-08-01,7850.188933
1098,2017-08-02,7728.258095
1099,2017-08-03,7950.68222
1100,2017-08-04,8046.949453
1101,2017-08-05,9031.68124
1102,2017-08-06,9028.204969
1103,2017-08-07,9400.209729
1104,2017-08-08,9823.91339
1105,2017-08-09,9675.119116
1106,2017-08-10,9724.775687
1107,2017-08-11,10143.83472
1108,2017-08-12,10506.97468
1109,2017-08-13,10730.41976
1110,2017-08-14,10996.69307
1111,2017-08-15,10841.25679
1112,2017-08-16,11178.88397
1113,2017-08-17,11461.10211
1114,2017-08-18,10825.76524
1115,2017-08-19,10908.49895
1116,2017-08-20,10786.31674
1117,2017-08-21,11044.57813
1118,2017-08-22,11245.48521
1119,2017-08-23,11462.22627
1120,2017-08-24,11564.37369
1121,2017-08-25,11725.91628
1122,2017-08-26,11694.48995
1123,2017-08-27,11794.96119
1124,2017-08-28,12058.48002
1125,2017-08-29,12495.41178
1126,2017-08-30,12967.58326
1127,2017-08-31,13429.87437
1128,2017-09-01,13808.64474
1129,2017-09-02,12697.92575
1130,2017-09-03,12906.76591
1131,2017-09-04,11664.57768
1132,2017-09-05,12168.50941
1133,2017-09-06,12676.01669
1134,2017-09-07,12563.53995
1135,2017-09-08,11712.46071
1136,2017-09-09,11575.23722
1137,2017-09-10,11274.79004
1138,2017-09-11,11404.71412
1139,2017-09-12,11275.29239
1140,2017-09-13,10679.09454
1141,2017-09-14,8414.229044
1142,2017-09-15,9689.39634
1143,2017-09-16,9692.35801
1144,2017-09-17,9534.629771
1145,2017-09-18,10885.06266
1146,2017-09-19,10707.75546
1147,2017-09-20,10617.02311
1148,2017-09-21,9921.039778
1149,2017-09-22,9819.529171
1150,2017-09-23,10486.47192
1151,2017-09-24,10614.3014
1152,2017-09-25,10998.04874
1153,2017-09-26,10782.65852
1154,2017-09-27,11366.70984
1155,2017-09-28,11058.24492
1156,2017-09-29,10962.45445
1157,2017-09-30,11351.10731
1158,2017-10-01,11446.25358
1159,2017-10-02,11443.18063
1160,2017-10-03,11269.10546
1161,2017-10-04,11097.64041
1162,2017-10-05,11261.46929
1163,2017-10-06,11471.4909
1164,2017-10-07,11611.42932
1165,2017-10-08,11894.59466
1166,2017-10-09,11895.33619
1167,2017-10-10,12025.67707
1168,2017-10-11,12130.89593
1169,2017-10-12,12843.38558
1170,2017-10-13,13656.60741
1171,2017-10-14,13755.63413
1172,2017-10-15,13778.89211
1173,2017-10-16,13787.9659
1174,2017-10-17,13508.31173
1175,2017-10-18,13334.0485
1176,2017-10-19,13392.08601
1177,2017-10-20,13681.07088
1178,2017-10-21,13776.53292
1179,2017-10-22,13661.53782
1180,2017-10-23,13498.83297
1181,2017-10-24,13060.16602
1182,2017-10-25,13269.61142
1183,2017-10-26,13499.62767
1184,2017-10-27,13401.49457
1185,2017-10-28,13384.0713
1186,2017-10-29,14120.67111
1187,2017-10-30,14128.95835
1188,2017-10-31,14449.91273
1189,2017-11-01,14869.46128
1190,2017-11-02,15414.63154
1191,2017-11-03,15880.48926
1192,2017-11-04,15970.58528
1193,2017-11-05,16013.31679
1194,2017-11-06,15659.3479
1195,2017-11-07,15772.90539
1196,2017-11-08,16507.90108
1197,2017-11-09,16446.62962
1198,2017-11-10,15757.68675
1199,2017-11-11,16115.4187
1200,2017-11-12,15572.37612
1201,2017-11-13,16177.24516
1202,2017-11-14,16735.34732
1203,2017-11-15,17597.77305
1204,2017-11-16,17895.23672
1205,2017-11-17,18354.36197
1206,2017-11-18,18695.30912
1207,2017-11-19,18905.10396
1208,2017-11-20,19465.44935
1209,2017-11-21,19168.40772
1210,2017-11-22,19878.16303
1211,2017-11-23,20410.34226
1212,2017-11-24,21194.79377
1213,2017-11-25,21905.81003
1214,2017-11-26,22919.62122
1215,2017-11-27,23907.72668
1216,2017-11-28,24760.17497
1217,2017-11-29,22897.33783
1218,2017-11-30,24251.7514
1219,2017-12-01,25927.54245
1220,2017-12-02,25874.83554
1221,2017-12-03,26167.41196
1222,2017-12-04,27655.83851
1223,2017-12-05,28773.2363
1224,2017-12-06,30382.40255
1225,2017-12-07,37055.04575
1226,2017-12-08,35770.83609
1227,2017-12-09,33264.96143
1228,2017-12-10,33368.48
1229,2017-12-11,36621.45502
1230,2017-12-12,39636.24926
1231,2017-12-13,39402.84099
1232,2017-12-14,41990.06991
1233,2017-12-15,43101.33917
1234,2017-12-16,46296.36243
1235,2017-12-17,46807.97194
1236,2017-12-18,48795.65841
1237,2017-12-19,49205.10296
1238,2017-12-20,48494.25505
1239,2017-12-21,47949.28581
1240,2017-12-22,40537.65707
1241,2017-12-23,44805.40925
1242,2017-12-24,42768.68179
1243,2017-12-25,42875.22529
1244,2017-12-26,47440.63791
1245,2017-12-27,47111.28421
1246,2017-12-28,44592.60315
1247,2017-12-29,48048.23896
1248,2017-12-30,44812.19088
1249,2017-12-31,48365.44489
1250,2018-01-01,47588.09681
1251,2018-01-02,51843.04291
1252,2018-01-03,56888.01301
1253,2018-01-04,58500.8183
1254,2018-01-05,58899.68348
1255,2018-01-06,62895.25939
1256,2018-01-07,62848.82399
1257,2018-01-08,57504.48488
1258,2018-01-09,57166.86602
1259,2018-01-10,56403.97559
1260,2018-01-11,51050.86457
1261,2018-01-12,55542.84586
1262,2018-01-13,57821.91428
1263,2018-01-14,54769.62015
1264,2018-01-15,52535.52603
1265,2018-01-16,40778.26805
1266,2018-01-17,40692.53904
1267,2018-01-18,42348.09815
1268,2018-01-19,42675.47842
1269,2018-01-20,47623.77815
1270,2018-01-21,41822.08255
1271,2018-01-22,39294.88978
1272,2018-01-23,39023.13863
1273,2018-01-24,40651.45077
1274,2018-01-25,40621.42797
1275,2018-01-26,39776.82789
1276,2018-01-27,41243.26254
1277,2018-01-28,43686.10855
1278,2018-01-29,41566.84607
1279,2018-01-30,41288.77912
1280,2018-01-31,36777.1191
1281,2018-02-01,37667.68313
1282,2018-02-02,33370.50543
1283,2018-02-03,31452.83534
1284,2018-02-04,32465.31762
1285,2018-02-05,29516.75724
1286,2018-02-06,24039.06858
1287,2018-02-07,27411.28287
1288,2018-02-08,26497.8278
1289,2018-02-09,28990.84918
1290,2018-02-10,31198.67834
1291,2018-02-11,31282.48985
1292,2018-02-12,29718.34312
1293,2018-02-13,32006.79571
1294,2018-02-14,30889.20396
1295,2018-02-15,34142.12374
1296,2018-02-16,35447.94334
1297,2018-02-17,35814.37807
1298,2018-02-18,37914.44971
1299,2018-02-19,35841.86338
1300,2018-02-20,37130.18792
1301,2018-02-21,36983.0935
1302,2018-02-22,36690.59834
1303,2018-02-23,32399.78765
1304,2018-02-24,33774.23807
1305,2018-02-25,32015.47341
1306,2018-02-26,32282.40118
1307,2018-02-27,33724.08675
1308,2018-02-28,34345.64498
1309,2018-03-01,33050.14601
1310,2018-03-02,34186.74082
1311,2018-03-03,34373.0474
1312,2018-03-04,34542.5149
1313,2018-03-05,34851.2297
1314,2018-03-06,34946.61018
1315,2018-03-07,32911.62332
1316,2018-03-08,30696.70095
1317,2018-03-09,28823.83893
1318,2018-03-10,28802.07962
1319,2018-03-11,27605.30285
1320,2018-03-12,29277.38383
1321,2018-03-13,28409.14445
1322,2018-03-14,28246.69759
1323,2018-03-15,25265.76598
1324,2018-03-16,25339.2001
1325,2018-03-17,25576.65807
1326,2018-03-18,23938.24955
1327,2018-03-19,24013.64324
1328,2018-03-20,25557.1946
1329,2018-03-21,26146.83332
1330,2018-03-22,26253.72355
1331,2018-03-23,25434.69966
1332,2018-03-24,25480.90994
1333,2018-03-25,24925.72827
1334,2018-03-26,24673.69199
1335,2018-03-27,23470.5622
1336,2018-03-28,22292.8564
1337,2018-03-29,22405.46443
1338,2018-03-30,19945.99544
1339,2018-03-31,19662.32317
1340,2018-04-01,19758.65729
1341,2018-04-02,19179.86259
1342,2018-04-03,19836.73083
1343,2018-04-04,21186.73729
1344,2018-04-05,19325.09202
1345,2018-04-06,19441.45843
1346,2018-04-07,18693.65941
1347,2018-04-08,19339.46774
1348,2018-04-09,19728.02934
1349,2018-04-10,19371.72905
1350,2018-04-11,19614.47594
1351,2018-04-12,20358.72617
1352,2018-04-13,22991.21312
1353,2018-04-14,22979.6367
1354,2018-04-15,23117.80423
1355,2018-04-16,24411.88024
1356,2018-04-17,23830.16875
1357,2018-04-18,23530.92459
1358,2018-04-19,24779.08693
1359,2018-04-20,26061.92158
1360,2018-04-21,27597.5128
1361,2018-04-22,28026.61972
1362,2018-04-23,28062.72042
1363,2018-04-24,28951.205
1364,2018-04-25,31671.65866
1365,2018-04-26,28205.37682
1366,2018-04-27,29977.15552
1367,2018-04-28,29147.5142
1368,2018-04-29,30639.1297
1369,2018-04-30,31331.35692
1370,2018-05-01,30253.64684
1371,2018-05-02,30191.75528
1372,2018-05-03,30722.88554
1373,2018-05-04,32510.02033
1374,2018-05-05,32491.57092
1375,2018-05-06,33430.97631
1376,2018-05-07,32750.57607
1377,2018-05-08,31565.56798
1378,2018-05-09,31027.32244
1379,2018-05-10,31102.09306
1380,2018-05-11,29828.90734
1381,2018-05-12,27634.15668
1382,2018-05-13,28148.73795
1383,2018-05-14,29243.11465
1384,2018-05-15,29115.71744
1385,2018-05-16,27983.7833
1386,2018-05-17,27690.04233
1387,2018-05-18,26429.30847
1388,2018-05-19,27044.56321
1389,2018-05-20,26892.88316
1390,2018-05-21,27934.04266
1391,2018-05-22,27440.87567
1392,2018-05-23,25891.09714
1393,2018-05-24,23995.07506
1394,2018-05-25,24609.51746
1395,2018-05-26,24066.49875
1396,2018-05-27,23795.06782
1397,2018-05-28,23590.06629
1398,2018-05-29,22109.11795
1399,2018-05-30,23686.37178
1400,2018-05-31,23494.87395
1401,2018-06-01,23939.0156
1402,2018-06-02,24106.17392
1403,2018-06-03,24731.1309
1404,2018-06-04,25325.67832
1405,2018-06-05,24493.39897
1406,2018-06-06,24998.55928
1407,2018-06-07,24957.96713
1408,2018-06-08,24958.91739
1409,2018-06-09,24714.61062
1410,2018-06-10,24224.50338
1411,2018-06-11,21757.76606
1412,2018-06-12,22163.66605
1413,2018-06-13,20841.71742
1414,2018-06-14,20003.55753
1415,2018-06-15,21256.30235
1416,2018-06-16,20281.32228
1417,2018-06-17,20490.38231
1418,2018-06-18,20305.87702
1419,2018-06-19,21134.4935
1420,2018-06-20,21450.24732
1421,2018-06-21,21321.10834
1422,2018-06-22,21149.42438
1423,2018-06-23,19016.68159
1424,2018-06-24,19236.5515
1425,2018-06-25,18858.89815
1426,2018-06-26,19117.31872
1427,2018-06-27,18228.69407
1428,2018-06-28,18541.36339
1429,2018-06-29,17714.35831
1430,2018-06-30,18483.00886
1431,2018-07-01,19112.83607
1432,2018-07-02,18985.64819
1433,2018-07-03,20023.71424
1434,2018-07-04,19672.02393
1435,2018-07-05,19886.29039
1436,2018-07-06,19752.80234
1437,2018-07-07,19789.17462
1438,2018-07-08,20270.65502
1439,2018-07-09,20111.70291
1440,2018-07-10,19712.33827
1441,2018-07-11,18513.14303
1442,2018-07-12,18798.72259
1443,2018-07-13,18278.50638
1444,2018-07-14,18453.04859
1445,2018-07-15,18489.57333
1446,2018-07-16,18938.15797
1447,2018-07-17,20293.19577
1448,2018-07-18,21602.36098
1449,2018-07-19,21362.00122
1450,2018-07-20,21373.8021
1451,2018-07-21,20596.57879
1452,2018-07-22,20934.1194
1453,2018-07-23,20890.96163
1454,2018-07-24,21237.08262
1455,2018-07-25,22831.83629
1456,2018-07-26,22322.25324
1457,2018-07-27,21774.81724
1458,2018-07-28,22222.07994
1459,2018-07-29,22284.0277
1460,2018-07-30,22294.20274
1461,2018-07-31,22028.87432
1462,2018-08-01,20869.60012
1463,2018-08-02,20549.67333
1464,2018-08-03,20165.15865
1465,2018-08-04,20085.63202
1466,2018-08-05,19189.28253
1467,2018-08-06,19356.84451
1468,2018-08-07,19023.26395
1469,2018-08-08,18144.30801
1470,2018-08-09,16714.54837
1471,2018-08-10,17390.08309
1472,2018-08-11,16289.25141
1473,2018-08-12,16038.80728
1474,2018-08-13,16251.41589
1475,2018-08-14,15653.08681
1476,2018-08-15,15362.86834
1477,2018-08-16,15524.88732
1478,2018-08-17,15697.19747
1479,2018-08-18,16967.81322
1480,2018-08-19,16163.36842
1481,2018-08-20,16490.42022
1482,2018-08-21,15590.52386
1483,2018-08-22,16155.20331
1484,2018-08-23,15694.29401
1485,2018-08-24,16149.06637
1486,2018-08-25,16487.33695
1487,2018-08-26,16548.53651
1488,2018-08-27,16396.71376
1489,2018-08-28,17061.22576
1490,2018-08-29,17667.36745
1491,2018-08-30,17460.66265
1492,2018-08-31,17305.06928
1493,2018-09-01,17365.23616
1494,2018-09-02,18033.71848
1495,2018-09-03,18148.82
1496,2018-09-04,17966.99808
1497,2018-09-05,18108.51437
1498,2018-09-06,16071.19151
1499,2018-09-07,15703.78812
1500,2018-09-08,15310.5933
1501,2018-09-09,14633.34072
1502,2018-09-10,14813.7792
1503,2018-09-11,14811.99627
1504,2018-09-12,14590.48596
1505,2018-09-13,14640.07858
1506,2018-09-14,15344.5202
1507,2018-09-15,15305.56352
1508,2018-09-16,15492.95958
1509,2018-09-17,15424.56382
1510,2018-09-18,14609.68244
1511,2018-09-19,15159.08314
1512,2018-09-20,15220.42365
1513,2018-09-21,16144.94289
1514,2018-09-22,17374.73891
1515,2018-09-23,17260.44804
1516,2018-09-24,17339.02752
1517,2018-09-25,16555.7978
1518,2018-09-26,16294.42558
1519,2018-09-27,16336.60608
1520,2018-09-28,17113.91757
1521,2018-09-29,16870.58894
1522,2018-09-30,17014.01727
1523,2018-10-01,17078.00422
1524,2018-10-02,17021.94979
1525,2018-10-03,16602.03577
1526,2018-10-04,16517.41659
1527,2018-10-05,16666.46013
1528,2018-10-06,16790.72163
1529,2018-10-07,16569.25475
1530,2018-10-08,16598.97089
1531,2018-10-09,16827.4432
1532,2018-10-10,16705.30468
1533,2018-10-11,16525.9355
1534,2018-10-12,15050.19052
1535,2018-10-13,15355.43717
1536,2018-10-14,15470.59004
1537,2018-10-15,15342.49212
1538,2018-10-16,16276.02719
1539,2018-10-17,16328.89946
1540,2018-10-18,16341.44968
1541,2018-10-19,15988.94526
1542,2018-10-20,15931.05862
1543,2018-10-21,16076.34793
1544,2018-10-22,16053.00353
1545,2018-10-23,15994.74901
1546,2018-10-24,15882.57172
1547,2018-10-25,15896.50079
1548,2018-10-26,15860.77897
1549,2018-10-27,15883.98635
1550,2018-10-28,15820.11374
1551,2018-10-29,15910.01881
1552,2018-10-30,15336.0317
1553,2018-10-31,15461.70751
1554,2018-11-01,15574.38297
1555,2018-11-02,15641.64182
1556,2018-11-03,15641.64182
1557,2018-11-04,15761.36497
1558,2018-11-05,15935.27961
1559,2018-11-06,16197.19771
1560,2018-11-07,16751.1112
1561,2018-11-08,16788.87427
1562,2018-11-09,16405.77035
1563,2018-11-10,16203.74618
1564,2018-11-11,16240.42649
1565,2018-11-12,16237.48902
1566,2018-11-13,16213.38144
1567,2018-11-14,16074.78232
1568,2018-11-15,14504.2448
1569,2018-11-16,14332.57452
1570,2018-11-17,14027.91541
1571,2018-11-18,14088.18689
1572,2018-11-19,14136.47307
1573,2018-11-20,13407.03227
1574,2018-11-21,11028.63065
1575,2018-11-22,11580.68346
1576,2018-11-23,10842.0089
1577,2018-11-24,10792.11731
1578,2018-11-25,9682.293882
1579,2018-11-26,9962.750187
1580,2018-11-27,9460.132623
1581,2018-11-28,9473.017754
1582,2018-11-29,10463.50468
1583,2018-11-30,10350.59819
1584,2018-12-01,10350.59819
1585,2018-12-02,10190.15365
1586,2018-12-03,10003.56528
1587,2018-12-04,9417.657124
1588,2018-12-05,9513.722081
1589,2018-12-06,9027.140252
1590,2018-12-07,8211.87305
1591,2018-12-08,8119.73085
1592,2018-12-09,8124.584181
1593,2018-12-10,8420.090968
1594,2018-12-11,8119.354787
1595,2018-12-12,7985.814608
1596,2018-12-13,8130.098071
1597,2018-12-14,7802.583183
1598,2018-12-15,7598.883357
1599,2018-12-16,7597.583542
1600,2018-12-17,7633.569783
1601,2018-12-18,8422.180602
1602,2018-12-19,8858.823248
1603,2018-12-20,8931.576968
1604,2018-12-21,9868.119243
1605,2018-12-22,9446.646827
1606,2018-12-23,9690.662688
1607,2018-12-24,9890.979202
1608,2018-12-25,10268.36612
1609,2018-12-26,9484.603738
1610,2018-12-27,9585.082085
1611,2018-12-28,8907.677913
1612,2018-12-29,9726.786908
1613,2018-12-30,9728.17573
1614,2018-12-31,9651.907881
1615,2019-01-01,9401.674578
1616,2019-01-02,9707.099083
1617,2019-01-03,10069.57668
1618,2019-01-04,9735.195988
1619,2019-01-05,9884.122463
1620,2019-01-06,9833.276351
1621,2019-01-07,10318.21741
1622,2019-01-08,10198.60787
1623,2019-01-09,10204.74677
1624,2019-01-10,10280.70146
1625,2019-01-11,9205.821717
1626,2019-01-12,9136.557934
1627,2019-01-13,9108.736653
1628,2019-01-14,8731.71918
1629,2019-01-15,9247.245035
1630,2019-01-16,8982.009375
1631,2019-01-17,9107.649033
1632,2019-01-18,9149.210868
1633,2019-01-19,9055.223018
1634,2019-01-20,9247.065152
1635,2019-01-21,8911.628594
1636,2019-01-22,8892.60229
1637,2019-01-23,8999.530967
1638,2019-01-24,8948.408964
1639,2019-01-25,8980.575927
1640,2019-01-26,8964.320481
1641,2019-01-27,8967.97257
1642,2019-01-28,8889.918031
1643,2019-01-29,8488.340942
1644,2019-01-30,8427.141896
1645,2019-01-31,8672.283768
1646,2019-02-01,8726.195976
1647,2019-02-02,8785.661176
1648,2019-02-03,8858.248441
1649,2019-02-04,8766.779005
1650,2019-02-05,8784.920991
1651,2019-02-06,8793.127435
1652,2019-02-07,8607.288523
1653,2019-02-08,8612.979153
1654,2019-02-09,9331.149128
1655,2019-02-10,9407.476359
1656,2019-02-11,9464.571812
1657,2019-02-12,9326.06602
1658,2019-02-13,9365.615993
1659,2019-02-14,9288.950522
1660,2019-02-15,9221.470286
1661,2019-02-16,9259.721608
1662,2019-02-17,9312.820816
1663,2019-02-18,9531.346823
1664,2019-02-19,10157.48788
1665,2019-02-20,10231.64758
1666,2019-02-21,10489.34327
1667,2019-02-22,10282.06551
1668,2019-02-23,10419.76865
1669,2019-02-24,10846.13902
1670,2019-02-25,9794.542792
1671,2019-02-26,10031.69096
1672,2019-02-27,9942.999594
1673,2019-02-28,9949.724474
1674,2019-03-01,9948.993565
1675,2019-03-02,9980.02694
1676,2019-03-03,9950.494211
1677,2019-03-04,9895.53097
1678,2019-03-05,9611.843285
1679,2019-03-06,10075.29815
1680,2019-03-07,10117.88343
1681,2019-03-08,10136.68205
1682,2019-03-09,10058.41117
1683,2019-03-10,10291.95744
1684,2019-03-11,10263.97973
1685,2019-03-12,10099.35046
1686,2019-03-13,10177.32239
1687,2019-03-14,10143.67396
1688,2019-03-15,10186.29674
1689,2019-03-16,10365.10845
1690,2019-03-17,10603.62021
1691,2019-03-18,10510.44648
1692,2019-03-19,10518.16491
1693,2019-03-20,10583.17916
1694,2019-03-21,10670.79362
1695,2019-03-22,10476.66685
1696,2019-03-23,10541.63881
1697,2019-03-24,10609.16279
1698,2019-03-25,10558.90173
1699,2019-03-26,10478.84798
1700,2019-03-27,10381.57622
1701,2019-03-28,10708.37849
1702,2019-03-29,10650.43764
1703,2019-03-30,10862.01323
1704,2019-03-31,10851.86011
1705,2019-04-01,10881.37184
1706,2019-04-02,10992.27916
1707,2019-04-03,12891.13607
1708,2019-04-04,13086.99518
1709,2019-04-05,12849.75134
1710,2019-04-06,13302.0045
1711,2019-04-07,13343.78718
1712,2019-04-08,13683.22132
1713,2019-04-09,13834.15546
1714,2019-04-10,13549.16019
1715,2019-04-11,13870.0089317887
1716,2019-04-12,13029.6948680326
1717,2019-04-13,13082.5552268194
1718,2019-04-14,13038.2624610729
1719,2019-04-15,13285.3341469936
1720,2019-04-16,13005.7473581696
1721,2019-04-17,13372.8329339469
1722,2019-04-18,13398.5186133726
1723,2019-04-19,13624.4486831199
1724,2019-04-20,13622.8294716556
1725,2019-04-21,13646.3002256915
1726,2019-04-22,13490.4833342203
1727,2019-04-23,13620.3531413736
1728,2019-04-24,13805.9534806514
1729,2019-04-25,13420.7670872761
1730,2019-04-26,12789.3059434556
1731,2019-04-27,12990.1840589664
1732,2019-04-28,12993.8285623432
1733,2019-04-29,12914.1124207778
1734,2019-04-30,12697.6684456663
1735,2019-05-01,13078.7144847367
1736,2019-05-02,13148.5360848277
1737,2019-05-03,13341.1792283171
1738,2019-05-04,13959.226509302
1739,2019-05-05,14042.0108104657
1740,2019-05-06,13938.1869327034
1741,2019-05-07,13978.6045581291
1742,2019-05-08,14233.2394261869
1743,2019-05-09,14345.1981535074
1744,2019-05-10,14736.9145642074
1745,2019-05-11,15098.8873607358
1746,2019-05-12,17372.5751916312
1747,2019-05-13,16452.6569409294
1748,2019-05-14,18191.4835798735
1749,2019-05-15,19150.4853716655
1750,2019-05-16,20059.1837464504
1751,2019-05-17,19548.5470157932
1752,2019-05-18,18195.3357496535
1753,2019-05-19,17937.7048477499
1754,2019-05-20,20046.58763064
1755,2019-05-21,19490.5666542174
1756,2019-05-22,19546.0343336326
1757,2019-05-23,18751.8450766664
1758,2019-05-24,19155.5147683492
1759,2019-05-25,19430.5103526343
1760,2019-05-26,19552.9230227669
1761,2019-05-27,20926.8001411315
1762,2019-05-28,21627.6837986176
1763,2019-05-29,21468.0816394271
1764,2019-05-30,21296.08323763
1765,2019-05-31,20411.0397072212
1766,2019-06-01,21216.4441579805
1767,2019-06-02,21006.0374952079
1768,2019-06-03,21464.3517785094
1769,2019-06-04,20046.2006677971
1770,2019-06-05,18833.2263186572
1771,2019-06-06,19218.1550628104
1772,2019-06-07,19352.6855330898
1773,2019-06-08,19797.2843783372
1774,2019-06-09,19462.161922116
1775,2019-06-10,18693.134589236
1776,2019-06-11,19535.3816219078
1777,2019-06-12,19300.318736777
1778,2019-06-13,19912.4048546581
1779,2019-06-14,20064.2311404522
1780,2019-06-15,21043.5245104107
1781,2019-06-16,21342.0318141197
1782,2019-06-17,21801.9154804164
1783,2019-06-18,22461.9155125748
1784,2019-06-19,21866.4359726046
1785,2019-06-20,22264.7213106931
1786,2019-06-21,22784.0374946538
1787,2019-06-22,24087.9169527718
1788,2019-06-23,25544.2966431125
1789,2019-06-24,25725.588946411
1790,2019-06-25,26082.7843696457
1791,2019-06-26,27490.2894797922
1792,2019-06-27,29733.3762322391
1793,2019-06-28,25680.536025263
1794,2019-06-29,27994.5691919855
1795,2019-06-30,27518.4958864825
1796,2019-07-01,25046.0393806649
1797,2019-07-02,24707.1957863349
1798,2019-07-03,24831.2730726584
1799,2019-07-04,27150.4892901981
1800,2019-07-05,25536.6561729407
1801,2019-07-06,25081.4288069359
1802,2019-07-07,25709.7108933542
1803,2019-07-08,26133.4647348648
1804,2019-07-09,27676.2695660506
1805,2019-07-10,28076.0415742078
1806,2019-07-11,27057.5261869446
1807,2019-07-12,25139.5815375957
1808,2019-07-13,26077.6200499334
1809,2019-07-14,25232.6609398904
1810,2019-07-15,22562.2683083152
1811,2019-07-16,23879.3328758936
1812,2019-07-17,20920.610434095
1813,2019-07-18,21370.3003803557
1814,2019-07-19,23440.3856872334
1815,2019-07-20,23110.4185944411
1816,2019-07-21,23585.1282380581
1817,2019-07-22,23402.7993424541
1818,2019-07-23,22771.2515015601
1819,2019-07-24,21893.2063117012
1820,2019-07-25,21809.9819713225
1821,2019-07-26,21945.3793411889
1822,2019-07-27,21928.820759025
1823,2019-07-28,20974.6242107426
1824,2019-07-29,21242.0540256971
1825,2019-07-30,21104.5836755058
1826,2019-07-31,21304.0113465034
1827,2019-08-01,22332.8372991482
1828,2019-08-02,22832.5804379519
1829,2019-08-03,23098.9447141024
1830,2019-08-04,23611.4540380855
1831,2019-08-05,23910.3352117836
1832,2019-08-06,25562.223476076
1833,2019-08-07,24800.5904473699
1834,2019-08-08,25663.1831194608
1835,2019-08-09,25648.4100007355
1836,2019-08-10,25181.4005104596
1837,2019-08-11,24271.33536043
1838,2019-08-12,24821.9440476677
1839,2019-08-13,24435.165753031
1840,2019-08-14,23580.0097848084
1841,2019-08-15,21490.9812663724
1842,2019-08-16,22041.1769457264
1843,2019-08-17,22060.5337005694
1844,2019-08-18,21902.4013560376
1845,2019-08-19,22243.7397894297
1846,2019-08-20,23385.2162027687
1847,2019-08-21,22985.3482045326
1848,2019-08-22,21736.655058784
1849,2019-08-23,21846.9835565859
1850,2019-08-24,22558.7218640749
1851,2019-08-25,21861.2959386275
1852,2019-08-26,21687.8267098549
1853,2019-08-27,22144.3052810557
1854,2019-08-28,21837.1037013077
1855,2019-08-29,20822.2656064295
1856,2019-08-30,20313.0907351079
1857,2019-08-31,20495.6241136257
1858,2019-09-01,20574.1035470629
1859,2019-09-02,20776.0201746408
1860,2019-09-03,21885.4147719606
1861,2019-09-04,22523.0901538563
1862,2019-09-05,22338.7256758193
1863,2019-09-06,22309.2639979267
1864,2019-09-07,21856.8896910096
1865,2019-09-08,22213.4137800859
1866,2019-09-09,22148.434492183
1867,2019-09-10,22032.5783219427
1868,2019-09-11,21645.9954581759
1869,2019-09-12,21667.9741624609
1870,2019-09-13,22133.6484311844
1871,2019-09-14,22067.4884937366
1872,2019-09-15,22181.3616158918
1873,2019-09-16,22099.8194718652
1874,2019-09-17,22139.5620582977
1875,2019-09-18,22304.4053360093
1876,2019-09-19,22373.1927007826
1877,2019-09-20,22588.0367366386
1878,2019-09-21,22376.2745163094
1879,2019-09-22,22013.3783524146
1880,2019-09-23,21990.1240681292
1881,2019-09-24,21162.7762351146
1882,2019-09-25,19010.1917668513
1883,2019-09-26,18423.360335165
1884,2019-09-27,17704.6991833341
1885,2019-09-28,17936.8832321526
1886,2019-09-29,17996.8694534127
1887,2019-09-30,17661.4387443565
1888,2019-10-01,18229.0613770139
1889,2019-10-02,18393.6672233095
1890,2019-10-03,18393.6672233095
1891,2019-10-04,18019.2155777596
1892,2019-10-05,17969.5032150683
1893,2019-10-06,17950.6139765986
1894,2019-10-07,17443.628105359
1895,2019-10-08,18187.4175240114
1896,2019-10-09,18194.7929966913
1897,2019-10-10,19063.314196571
1898,2019-10-11,18954.6644300406
1899,2019-10-12,18278.6169762244
1900,2019-10-13,18378.0591456259
1901,2019-10-14,18405.5543308395
1902,2019-10-15,18580.6441590359
1903,2019-10-16,18217.8946216327
1904,2019-10-17,17824.9249627651
1905,2019-10-18,18063.8869801902
1906,2019-10-19,17758.0349525934
1907,2019-10-20,17714.5316506148
1908,2019-10-21,18258.2070359844
1909,2019-10-22,18274.4619812742
1910,2019-10-23,17907.0732595987
1911,2019-10-24,16671.1204927733
1912,2019-10-25,16618.1900324243
1913,2019-10-26,19151.6904053174
1914,2019-10-27,20170.3380858111
1915,2019-10-28,20713.0529519724
1916,2019-10-29,20202.112239429
1917,2019-10-30,20718.5179033022
1918,2019-10-31,20191.2498216427
1919,2019-11-01,20163.6853269348
1920,2019-11-02,20280.5878397307
1921,2019-11-03,20448.6284444162
1922,2019-11-04,20264.7999083472
1923,2019-11-05,20653.1021103207
1924,2019-11-06,20629.7507565201
1925,2019-11-07,20795.8539783562
1926,2019-11-08,20453.9990733858
1927,2019-11-09,19596.5904372576
1928,2019-11-10,19717.212174912
1929,2019-11-11,20178.5651037229
1930,2019-11-12,19612.0833059663
1931,2019-11-13,19719.8677016632
1932,2019-11-14,19710.8229944041
1933,2019-11-15,19444.0553361171
1934,2019-11-16,19000.8266360531
1935,2019-11-17,19075.1105118183
1936,2019-11-18,19102.2862860154
1937,2019-11-19,18395.1054234304
1938,2019-11-20,18177.9646946429
1939,2019-11-21,18067.4347999517
1940,2019-11-22,17029.2765352013
1941,2019-11-23,16218.6283158077
1942,2019-11-24,16360.9183125092
1943,2019-11-25,15541.9397358018
1944,2019-11-26,15817.5728788757
1945,2019-11-27,15984.7746882925
1946,2019-11-28,16597.7045207545
1947,2019-11-29,16498.7447331385
1948,2019-11-30,17065.1079416068
1949,2019-12-01,16724.6113799353
1950,2019-12-02,16447.4813383199
1951,2019-12-03,16232.5827947462
1952,2019-12-04,16173.9542127723
1953,2019-12-05,15999.8173691366
1954,2019-12-06,16316.8605092554
1955,2019-12-07,16548.3264121885
1956,2019-12-08,16538.2845396607
1957,2019-12-09,16625.9189005953
1958,2019-12-10,16293.1547825035
1959,2019-12-11,16054.419738058
1960,2019-12-12,15941.0380657812
1961,2019-12-13,15988.4447196804
1962,2019-12-14,16067.6480974227
1963,2019-12-15,15712.998247964
1964,2019-12-16,15805.213630643
1965,2019-12-17,15214.9100932639
1966,2019-12-18,14431.2046926301
1967,2019-12-19,15696.0084093441
1968,2019-12-20,15449.0166439688
1969,2019-12-21,15570.9342502818
1970,2019-12-22,15447.6252948685
1971,2019-12-23,16081.6151493748
1972,2019-12-24,15790.385131604
1973,2019-12-25,15646.7905546641
1974,2019-12-26,15525.3171874755
1975,2019-12-27,15561.7665730169
1976,2019-12-28,15657.7977911372
1977,2019-12-29,15836.7973045988
1978,2019-12-30,16068.7230522494
1979,2019-12-31,15755.0901059498
1980,2020-01-01,15625.2820962494
1981,2020-01-02,15653.4140345525
1982,2020-01-03,15156.8244197241
1983,2020-01-04,15938.686506154
1984,2020-01-05,16033.646203017
1985,2020-01-06,16052.7525161215
1986,2020-01-07,16995.9275622405
1987,2020-01-08,17607.1828701642
1988,2020-01-09,17370.9401388683
1989,2020-01-10,16945.1988655536
1990,2020-01-11,17669.460869946
1991,2020-01-12,17528.8794387146
1992,2020-01-13,17868.5033418109
1993,2020-01-14,17765.6510566839
1994,2020-01-15,19837.6800121672
1995,2020-01-16,19795.0180451768
1996,2020-01-17,19606.8035011684
1997,2020-01-18,20157.0693925875
1998,2020-01-19,20040.0131009025
1999,2020-01-20,19556.8527882667
2000,2020-01-21,19543.3808807629
2001,2020-01-22,19761.6685064856
2002,2020-01-23,19647.6069472157
2003,2020-01-24,18946.7501222225
2004,2020-01-25,18988.6078104713
2005,2020-01-26,18793.0324104048
2006,2020-01-27,19417.165640398
2007,2020-01-28,20034.795338227
2008,2020-01-29,20924.9526165313
2009,2020-01-30,20868.8221645479
2010,2020-01-31,21493.8421287631
2011,2020-02-01,21008.2274860603
2012,2020-02-02,21167.4337645195
2013,2020-02-03,21213.3727331893
2014,2020-02-04,21211.121070033
2015,2020-02-05,20994.5779789395
2016,2020-02-06,22111.7160377383
2017,2020-02-07,22509.8014242247
2018,2020-02-08,22706.1784544004
2019,2020-02-09,22954.7359156289
2020,2020-02-10,23528.3146429592
2021,2020-02-11,23008.0942647001
2022,2020-02-12,23818.7631322796
2023,2020-02-13,24413.7511424401
2024,2020-02-14,24332.0072730865
2025,2020-02-15,24730.3436156783
2026,2020-02-16,23475.765704262
2027,2020-02-17,23432.5987007126
2028,2020-02-18,22989.9121557425
2029,2020-02-19,24082.769087843
2030,2020-02-20,22724.8606909608
2031,2020-02-21,22560.8809688257
2032,2020-02-22,22862.6315083855
2033,2020-02-23,22729.2739615799
2034,2020-02-24,23514.9220611661
2035,2020-02-25,22725.8761793628
2036,2020-02-26,21880.7832975396
2037,2020-02-27,20433.7958496878
2038,2020-02-28,20421.5931773223
2039,2020-02-29,20308.6629420226
2040,2020-03-01,19865.6864124751
2041,2020-03-02,19853.4715969029
2042,2020-03-03,20728.5560971263
2043,2020-03-04,20360.0253198012
2044,2020-03-05,20337.4891251844
2045,2020-03-06,20937.8100787436
2046,2020-03-07,21342.0776159233
2047,2020-03-08,20789.2317001675
2048,2020-03-09,18599.7770616962
2049,2020-03-10,18369.9434932765
2050,2020-03-11,18376.4801667788
2051,2020-03-12,18331.6769891149
2052,2020-03-13,11728.0875732524
2053,2020-03-14,12922.9628662161
2054,2020-03-15,12157.3225351864
2055,2020-03-16,12576.0958784665
2056,2020-03-17,11694.8249648417
2057,2020-03-18,12437.3798148677
2058,2020-03-19,12423.7944586987
2059,2020-03-20,14228.848580753
2060,2020-03-21,14159.0863672022
2061,2020-03-22,14106.277385814
2062,2020-03-23,13424.3825020612
2063,2020-03-24,14713.1716189356
2064,2020-03-25,15287.8046515112
2065,2020-03-26,15177.6057819276
2066,2020-03-27,15397.5995088426
2067,2020-03-28,14669.0476679833
2068,2020-03-29,14353.9823202367
2069,2020-03-30,13664.7557054757
2070,2020-03-31,14653.4220897053
2071,2020-04-01,14720.7057597614
2072,2020-04-02,15068.7988220092
2073,2020-04-03,15740.7093965357
2074,2020-04-04,15611.3088150591
2075,2020-04-05,15886.6255377152
2076,2020-04-06,15727.7607301145
2077,2020-04-07,17048.9129987419
2078,2020-04-08,16811.5185891209
2079,2020-04-09,17145.2940859839
2080,2020-04-10,17087.7674288669
2081,2020-04-11,16081.4969197975
2082,2020-04-12,16115.6611380446
2083,2020-04-13,16217.710452957
2084,2020-04-14,16098.2376062495
2085,2020-04-15,16070.5800225638
2086,2020-04-16,15555.4491307128
2087,2020-04-17,16612.8793699798
2088,2020-04-18,16549.7888443074
2089,2020-04-19,17154.516036087
